Bestellnummer;Menge;EAN;Name;Variante;Kategorie
7703030;;4260720662124;Ambition Mods Converter Tube Mod Akkuträger;silver;Akkuträger
7703031;;4260720664906;Ambition Mods Converter Tube Mod Akkuträger;fullblack;Akkuträger
7703026;;4260720662131;Ambition Mods Converter Mod Akkuträger;silver;Akkuträger
7703027;;4260720664913;Ambition Mods Converter Mod Akkuträger;fullblack;Akkuträger
7703028;;4260720664920;Ambition Mods Converter Mod Akkuträger;fullsilver;Akkuträger
LMB4001002;;4262403384514;Lost Mary BM600 CP Einweg E-Zigarette - Blue Razz Ice (VE = 400Stk);20mg;Einwegzigaretten
LMB4001003;;4262403384521;Lost Mary BM600 CP Einweg E-Zigarette - Blueberry (VE = 400Stk);20mg;Einwegzigaretten
LMB4001008;;4262403384576;Lost Mary BM600 CP Einweg E-Zigarette - Crazy Apple (VE = 400Stk);20mg;Einwegzigaretten
LMB4001023;;4262403384729;Lost Mary BM600 CP Einweg E-Zigarette - Watermelon Ice (VE = 400Stk);20mg;Einwegzigaretten
LM101002;;4262403384033;Lost Mary BM600 CP Einweg E-Zigarette - Blue Razz Ice;20mg;Einwegzigaretten
LM101003;;4262403384040;Lost Mary BM600 CP Einweg E-Zigarette - Blueberry;20mg;Einwegzigaretten
LM101004;;4262403384057;Lost Mary BM600 CP Einweg E-Zigarette - Blueberry Sour Raspberry;20mg;Einwegzigaretten
LM101007;;4262403384088;Lost Mary BM600 CP Einweg E-Zigarette - Cotton Candy Ice;20mg;Einwegzigaretten
LM101008;;4262403384095;Lost Mary BM600 CP Einweg E-Zigarette - Crazy Apple;20mg;Einwegzigaretten
LM101011;;4262403384125;Lost Mary BM600 CP Einweg E-Zigarette - Kiwi Passion Fruit Guava;20mg;Einwegzigaretten
LM101017;;4262403384187;Lost Mary BM600 CP Einweg E-Zigarette - Pink Lemonade;20mg;Einwegzigaretten
LM101019;;4262403384200;Lost Mary BM600 CP Einweg E-Zigarette - Strawberry Ice;20mg;Einwegzigaretten
LM101021;;4262403384224;Lost Mary BM600 CP Einweg E-Zigarette - Triple Mango;20mg;Einwegzigaretten
LM101022;;4262403384231;Lost Mary BM600 CP Einweg E-Zigarette - Triple Melon;20mg;Einwegzigaretten
LM101023;;4262403384248;Lost Mary BM600 CP Einweg E-Zigarette - Watermelon Ice;20mg;Einwegzigaretten
LMB101002;;4262403384279;Lost Mary BM600 CP Einweg E-Zigarette - Blue Razz Ice (VE = 10Stk);20mg;Einwegzigaretten
LMB101003;;4262403384286;Lost Mary BM600 CP Einweg E-Zigarette - Blueberry (VE = 10Stk);20mg;Einwegzigaretten
LMB101004;;4262403384293;Lost Mary BM600 CP Einweg E-Zigarette - Blueberry Sour Raspberry (VE = 10Stk);20mg;Einwegzigaretten
LMB101007;;4262403384323;Lost Mary BM600 CP Einweg E-Zigarette - Cotton Candy Ice (VE = 10Stk);20mg;Einwegzigaretten
LMB101008;;4262403384330;Lost Mary BM600 CP Einweg E-Zigarette - Crazy Apple (VE = 10Stk);20mg;Einwegzigaretten
LMB101011;;4262403384361;Lost Mary BM600 CP Einweg E-Zigarette - Kiwi Passion Fruit Guava (VE = 10Stk);20mg;Einwegzigaretten
LMB101017;;4262403384422;Lost Mary BM600 CP Einweg E-Zigarette - Pink Lemonade (VE = 10Stk);20mg;Einwegzigaretten
LMB101019;;4262403384446;Lost Mary BM600 CP Einweg E-Zigarette - Strawberry Ice (VE = 10Stk);20mg;Einwegzigaretten
LMB101021;;4262403384460;Lost Mary BM600 CP Einweg E-Zigarette - Triple Mango (VE = 10Stk);20mg;Einwegzigaretten
LMB101022;;4262403384477;Lost Mary BM600 CP Einweg E-Zigarette - Triple Melon (VE = 10Stk);20mg;Einwegzigaretten
LMB4001004;;4262403384538;Lost Mary BM600 CP Einweg E-Zigarette - Blueberry Sour Raspberry (VE = 400Stk);20mg;Einwegzigaretten
LMB4001007;;4262403384569;Lost Mary BM600 CP Einweg E-Zigarette - Cotton Candy Ice (VE = 400Stk);20mg;Einwegzigaretten
LMB4001011;;4262403384606;Lost Mary BM600 CP Einweg E-Zigarette - Kiwi Passion Fruit Guava (VE = 400Stk);20mg;Einwegzigaretten
LMB4001017;;4262403384668;Lost Mary BM600 CP Einweg E-Zigarette - Pink Lemonade (VE = 400Stk);20mg;Einwegzigaretten
LMB4001019;;4262403384682;Lost Mary BM600 CP Einweg E-Zigarette - Strawberry Ice (VE = 400Stk);20mg;Einwegzigaretten
LMB4001021;;4262403384705;Lost Mary BM600 CP Einweg E-Zigarette - Triple Mango (VE = 400Stk);20mg;Einwegzigaretten
LMB4001022;;4262403384712;Lost Mary BM600 CP Einweg E-Zigarette - Triple Melon (VE = 400Stk);20mg;Einwegzigaretten
LMB101023;;4262403384484;Lost Mary BM600 CP Einweg E-Zigarette - Watermelon Ice (VE = 10Stk);20mg;Einwegzigaretten
LM101005;;4262403384064;Lost Mary BM600 CP Einweg E-Zigarette - Cherry Ice;20mg;Einwegzigaretten
LM101009;;4262403384101;Lost Mary BM600 CP Einweg E-Zigarette - Grape;20mg;Einwegzigaretten
LM101010;;4262403384118;Lost Mary BM600 CP Einweg E-Zigarette - Peach Ice (ehem. Juicy Peach);20mg;Einwegzigaretten
LM101013;;4262403384149;Lost Mary BM600 CP Einweg E-Zigarette - Marygy Ice;20mg;Einwegzigaretten
LM101015;;4262403384163;Lost Mary BM600 CP Einweg E-Zigarette - Pineapple Ice;20mg;Einwegzigaretten
LM101018;;4262403384194;Lost Mary BM600 CP Einweg E-Zigarette - Red Apple Ice;20mg;Einwegzigaretten
LMB101005;;4262403384309;Lost Mary BM600 CP Einweg E-Zigarette - Cherry Ice (VE = 10Stk);20mg;Einwegzigaretten
LMB101009;;4262403384347;Lost Mary BM600 CP Einweg E-Zigarette - Grape (VE = 10Stk);20mg;Einwegzigaretten
LMB101010;;4262403384354;Lost Mary BM600 CP Einweg E-Zigarette - Peach Ice (ehem. Juicy Peach) (VE = 10Stk);20mg;Einwegzigaretten
LMB101013;;4262403384385;Lost Mary BM600 CP Einweg E-Zigarette - Marygy Ice (VE = 10Stk);20mg;Einwegzigaretten
LMB101015;;4262403384408;Lost Mary BM600 CP Einweg E-Zigarette - Pineapple Ice (VE = 10Stk);20mg;Einwegzigaretten
LMB101018;;4262403384439;Lost Mary BM600 CP Einweg E-Zigarette - Red Apple Ice (VE = 10Stk);20mg;Einwegzigaretten
LMB4001005;;4262403384545;Lost Mary BM600 CP Einweg E-Zigarette - Cherry Ice (VE = 400Stk);20mg;Einwegzigaretten
LMB4001009;;4262403384583;Lost Mary BM600 CP Einweg E-Zigarette - Grape (VE = 400Stk);20mg;Einwegzigaretten
LMB4001010;;4262403384590;Lost Mary BM600 CP Einweg E-Zigarette - Peach Ice (ehem. Juicy Peach) (VE = 400Stk);20mg;Einwegzigaretten
LMB4001013;;4262403384620;Lost Mary BM600 CP Einweg E-Zigarette - Marygy Ice (VE = 400Stk);20mg;Einwegzigaretten
LMB4001015;;4262403384644;Lost Mary BM600 CP Einweg E-Zigarette - Pineapple Ice (VE = 400Stk);20mg;Einwegzigaretten
LMB4001018;;4262403384675;Lost Mary BM600 CP Einweg E-Zigarette - Red Apple Ice (VE = 400Stk);20mg;Einwegzigaretten
ELFL10001;;4895261109816;ELFBAR ELFLIQ Apple Peach Nikotinsalz Liquid 10 ml;20mg;ELFA-Liquid
ELFL10002;;4895261110317;ELFBAR ELFLIQ Apple Peach Nikotinsalz Liquid 10 ml;10mg;ELFA-Liquid
ELFL10005;;4895261109861;ELFBAR ELFLIQ Blueberry Sour Raspberry Nikotinsalz Liquid 10 ml;20mg;ELFA-Liquid
ELFL10006;;4895261110362;ELFBAR ELFLIQ Blueberry Sour Raspberry Nikotinsalz Liquid 10 ml;10mg;ELFA-Liquid
ELFL10007;;4895261109854;ELFBAR ELFLIQ Blueberry Nikotinsalz Liquid 10 ml;20mg;ELFA-Liquid
ELFL10008;;4895261110355;ELFBAR ELFLIQ Blueberry Nikotinsalz Liquid 10 ml;10mg;ELFA-Liquid
ELFL10009;;4895261109878;ELFBAR ELFLIQ Cherry Nikotinsalz Liquid 10 ml;20mg;ELFA-Liquid
ELFL10010;;4895261110379;ELFBAR ELFLIQ Cherry Nikotinsalz Liquid 10 ml;10mg;ELFA-Liquid
ELFL10013;;4895261109922;ELFBAR ELFLIQ Grape Nikotinsalz Liquid 10 ml;20mg;ELFA-Liquid
ELFL10014;;4895261110423;ELFBAR ELFLIQ Grape Nikotinsalz Liquid 10 ml;10mg;ELFA-Liquid
ELFL10015;;4895261109953;ELFBAR ELFLIQ Peach Ice Nikotinsalz Liquid 10 ml;20mg;ELFA-Liquid
ELFL10016;;4895261110454;ELFBAR ELFLIQ Peach Ice Nikotinsalz Liquid 10 ml;10mg;ELFA-Liquid
ELFL10017;;4895261109984;ELFBAR ELFLIQ Pink Lemonade Nikotinsalz Liquid 10 ml;20mg;ELFA-Liquid
ELFL10018;;4895261110485;ELFBAR ELFLIQ Pink Lemonade Nikotinsalz Liquid 10 ml;10mg;ELFA-Liquid
ELFL10025;;4895261110027;ELFBAR ELFLIQ Strawberry Ice Nikotinsalz Liquid 10 ml;20mg;ELFA-Liquid
ELFL10026;;4895261110522;ELFBAR ELFLIQ Strawberry Ice Nikotinsalz Liquid 10 ml;10mg;ELFA-Liquid
ELFL10027;;4895261110010;ELFBAR ELFLIQ Strawberry Kiwi Nikotinsalz Liquid 10 ml;20mg;ELFA-Liquid
ELFL10028;;4895261110515;ELFBAR ELFLIQ Strawberry Kiwi Nikotinsalz Liquid 10 ml;10mg;ELFA-Liquid
ELFL10029;;4895261110058;ELFBAR ELFLIQ Watermelon Nikotinsalz Liquid 10 ml;20mg;ELFA-Liquid
ELFL10030;;4895261110553;ELFBAR ELFLIQ Watermelon Nikotinsalz Liquid 10 ml;10mg;ELFA-Liquid
EFL101001;;4895261110065;ELFBAR ELFLIQ Apple Peach Nikotinsalz Liquid 10 ml (VE = 10Stk);20mg;ELFA-Liquid
EFL101002;;4895261110560;ELFBAR ELFLIQ Apple Peach Nikotinsalz Liquid 10 ml (VE = 10Stk);10mg;ELFA-Liquid
EFL101005;;4895261110119;ELFBAR ELFLIQ Blueberry Sour Raspberry Nikotinsalz Liquid 10 ml (VE = 10Stk);20mg;ELFA-Liquid
EFL101006;;4895261110614;ELFBAR ELFLIQ Blueberry Sour Raspberry Nikotinsalz Liquid 10 ml (VE = 10Stk);10mg;ELFA-Liquid
EFL101007;;4895261110102;ELFBAR ELFLIQ Blueberry Nikotinsalz Liquid 10 ml (VE = 10Stk);20mg;ELFA-Liquid
EFL101008;;4895261110607;ELFBAR ELFLIQ Blueberry Nikotinsalz Liquid 10 ml (VE = 10Stk);10mg;ELFA-Liquid
EFL101009;;4895261110126;ELFBAR ELFLIQ Cherry Nikotinsalz Liquid 10 ml (VE = 10Stk);20mg;ELFA-Liquid
EFL101010;;4895261110621;ELFBAR ELFLIQ Cherry Nikotinsalz Liquid 10 ml (VE = 10Stk);10mg;ELFA-Liquid
EFL101013;;4895261110171;ELFBAR ELFLIQ Grape Nikotinsalz Liquid 10 ml (VE = 10Stk);20mg;ELFA-Liquid
EFL101014;;4895261110676;ELFBAR ELFLIQ Grape Nikotinsalz Liquid 10 ml (VE = 10Stk);10mg;ELFA-Liquid
EFL101015;;4895261110201;ELFBAR ELFLIQ Peach Ice Nikotinsalz Liquid 10 ml (VE = 10Stk);20mg;ELFA-Liquid
EFL101016;;4895261110706;ELFBAR ELFLIQ Peach Ice Nikotinsalz Liquid 10 ml (VE = 10Stk);10mg;ELFA-Liquid
EFL101017;;4895261110232;ELFBAR ELFLIQ Pink Lemonade Nikotinsalz Liquid 10 ml (VE = 10Stk);20mg;ELFA-Liquid
EFL101018;;4895261110737;ELFBAR ELFLIQ Pink Lemonade Nikotinsalz Liquid 10 ml (VE = 10Stk);10mg;ELFA-Liquid
EFL101025;;4895261110270;ELFBAR ELFLIQ Strawberry Ice Nikotinsalz Liquid 10 ml (VE = 10Stk);20mg;ELFA-Liquid
EFL101026;;4895261110775;ELFBAR ELFLIQ Strawberry Ice Nikotinsalz Liquid 10 ml (VE = 10Stk);10mg;ELFA-Liquid
EFL101027;;4895261110263;ELFBAR ELFLIQ Strawberry Kiwi Nikotinsalz Liquid 10 ml (VE = 10Stk);20mg;ELFA-Liquid
EFL101028;;4895261110768;ELFBAR ELFLIQ Strawberry Kiwi Nikotinsalz Liquid 10 ml (VE = 10Stk);10mg;ELFA-Liquid
EFL101029;;4895261110300;ELFBAR ELFLIQ Watermelon Nikotinsalz Liquid 10 ml (VE = 10Stk);20mg;ELFA-Liquid
EFL101030;;4895261110805;ELFBAR ELFLIQ Watermelon Nikotinsalz Liquid 10 ml (VE = 10Stk);10mg;ELFA-Liquid
EFL2001001;;4262481468991;ELFBAR ELFLIQ Apple Peach Nikotinsalz Liquid 10 ml (VE = 200Stk);20mg;ELFA-Liquid
EFL2001002;;4262481469288;ELFBAR ELFLIQ Apple Peach Nikotinsalz Liquid 10 ml (VE = 200Stk);10mg;ELFA-Liquid
EFL2001005;;4262481469059;ELFBAR ELFLIQ Blueberry Sour Raspberry Nikotinsalz Liquid 10 ml (VE = 200Stk);20mg;ELFA-Liquid
EFL2001006;;4262481469349;ELFBAR ELFLIQ Blueberry Sour Raspberry Nikotinsalz Liquid 10 ml (VE = 200Stk);10mg;ELFA-Liquid
EFL2001007;;4262481469042;ELFBAR ELFLIQ Blueberry Nikotinsalz Liquid 10 ml (VE = 200Stk);20mg;ELFA-Liquid
EFL2001008;;4262481469332;ELFBAR ELFLIQ Blueberry Nikotinsalz Liquid 10 ml (VE = 200Stk);10mg;ELFA-Liquid
EFL2001009;;4262481469066;ELFBAR ELFLIQ Cherry Nikotinsalz Liquid 10 ml (VE = 200Stk);20mg;ELFA-Liquid
EFL2001010;;4262481469356;ELFBAR ELFLIQ Cherry Nikotinsalz Liquid 10 ml (VE = 200Stk);10mg;ELFA-Liquid
EFL2001013;;4262481469103;ELFBAR ELFLIQ Grape Nikotinsalz Liquid 10 ml (VE = 200Stk);20mg;ELFA-Liquid
EFL2001014;;4262481469394;ELFBAR ELFLIQ Grape Nikotinsalz Liquid 10 ml (VE = 200Stk);10mg;ELFA-Liquid
EFL2001015;;4262481469158;ELFBAR ELFLIQ Peach Ice Nikotinsalz Liquid 10 ml (VE = 200Stk);20mg;ELFA-Liquid
EFL2001016;;4262481469448;ELFBAR ELFLIQ Peach Ice Nikotinsalz Liquid 10 ml (VE = 200Stk);10mg;ELFA-Liquid
EFL2001017;;4262481469196;ELFBAR ELFLIQ Pink Lemonade Nikotinsalz Liquid 10 ml (VE = 200Stk);20mg;ELFA-Liquid
EFL2001018;;4262481469486;ELFBAR ELFLIQ Pink Lemonade Nikotinsalz Liquid 10 ml (VE = 200Stk);10mg;ELFA-Liquid
EFL2001025;;4262481469226;ELFBAR ELFLIQ Strawberry Ice Nikotinsalz Liquid 10 ml (VE = 200Stk);20mg;ELFA-Liquid
EFL2001026;;4262481469516;ELFBAR ELFLIQ Strawberry Ice Nikotinsalz Liquid 10 ml (VE = 200Stk);10mg;ELFA-Liquid
EFL2001027;;4262481469240;ELFBAR ELFLIQ Strawberry Kiwi Nikotinsalz Liquid 10 ml (VE = 200Stk);20mg;ELFA-Liquid
EFL2001028;;4262481469530;ELFBAR ELFLIQ Strawberry Kiwi Nikotinsalz Liquid 10 ml (VE = 200Stk);10mg;ELFA-Liquid
EFL2001029;;4262481469271;ELFBAR ELFLIQ Watermelon Nikotinsalz Liquid 10 ml (VE = 200Stk);20mg;ELFA-Liquid
EFL2001030;;4262481469561;ELFBAR ELFLIQ Watermelon Nikotinsalz Liquid 10 ml (VE = 200Stk);10mg;ELFA-Liquid
ELFL10031;;4895261109892;ELFBAR ELFLIQ Cola Nikotinsalz Liquid 10 ml;20mg;ELFA-Liquid
ELFL10032;;4895261110393;ELFBAR ELFLIQ Cola Nikotinsalz Liquid 10 ml;10mg;ELFA-Liquid
ELFL10033;;4895261109939;ELFBAR ELFLIQ Kiwi Passion Fruit Guava Nikotinsalz Liquid 10 ml;20mg;ELFA-Liquid
ELFL10034;;4895261110430;ELFBAR ELFLIQ Kiwi Passion Fruit Guava Nikotinsalz Liquid 10 ml;10mg;ELFA-Liquid
EFL101031;;4895261110140;ELFBAR ELFLIQ Cola Nikotinsalz Liquid 10 ml (VE = 10Stk);20mg;ELFA-Liquid
EFL101032;;4895261110645;ELFBAR ELFLIQ Cola Nikotinsalz Liquid 10 ml (VE = 10Stk);10mg;ELFA-Liquid
EFL101033;;4895261110188;ELFBAR ELFLIQ Kiwi Passion Fruit Guava Nikotinsalz Liquid 10 ml (VE = 10Stk);20mg;ELFA-Liquid
EFL101034;;4895261110683;ELFBAR ELFLIQ Kiwi Passion Fruit Guava Nikotinsalz Liquid 10 ml (VE = 10Stk);10mg;ELFA-Liquid
EFL2001031;;4262481469080;ELFBAR ELFLIQ Cola Nikotinsalz Liquid 10 ml (VE = 200Stk);20mg;ELFA-Liquid
EFL2001032;;4262481469370;ELFBAR ELFLIQ Cola Nikotinsalz Liquid 10 ml (VE = 200Stk);10mg;ELFA-Liquid
EFL2001033;;4262481469110;ELFBAR ELFLIQ Kiwi Passion Fruit Guava Nikotinsalz Liquid 10 ml (VE = 200Stk);20mg;ELFA-Liquid
EFL2001034;;4262481469400;ELFBAR ELFLIQ Kiwi Passion Fruit Guava Nikotinsalz Liquid 10 ml (VE = 200Stk);10mg;ELFA-Liquid
ELFL10003;;4895261109847;ELFBAR ELFLIQ Blue Razz Lemonade Nikotinsalz Liquid 10 ml;20mg;ELFA-Liquid
ELFL10004;;4895261110348;ELFBAR ELFLIQ Blue Razz Lemonade Nikotinsalz Liquid 10 ml;10mg;ELFA-Liquid
ELFL10011;;4895261109885;ELFBAR ELFLIQ Cherry Cola Nikotinsalz Liquid 10 ml;20mg;ELFA-Liquid
ELFL10012;;4895261110386;ELFBAR ELFLIQ Cherry Cola Nikotinsalz Liquid 10 ml;10mg;ELFA-Liquid
ELFL10021;;4895261110003;ELFBAR ELFLIQ Spearmint Nikotinsalz Liquid 10 ml;20mg;ELFA-Liquid
ELFL10022;;4895261110508;ELFBAR ELFLIQ Spearmint Nikotinsalz Liquid 10 ml;10mg;ELFA-Liquid
EFL101003;;4895261110096;ELFBAR ELFLIQ Blue Razz Lemonade Nikotinsalz Liquid 10 ml (VE = 10Stk);20mg;ELFA-Liquid
EFL101004;;4895261110591;ELFBAR ELFLIQ Blue Razz Lemonade Nikotinsalz Liquid 10 ml (VE = 10Stk);10mg;ELFA-Liquid
EFL101011;;4895261110133;ELFBAR ELFLIQ Cherry Cola Nikotinsalz Liquid 10 ml (VE = 10Stk);20mg;ELFA-Liquid
EFL101021;;4895261110256;ELFBAR ELFLIQ Spearmint Nikotinsalz Liquid 10 ml (VE = 10Stk);20mg;ELFA-Liquid
EFL101022;;4895261110751;ELFBAR ELFLIQ Spearmint Nikotinsalz Liquid 10 ml (VE = 10Stk);10mg;ELFA-Liquid
EFL2001003;;4262481469035;ELFBAR ELFLIQ Blue Razz Lemonade Nikotinsalz Liquid 10 ml (VE = 200Stk);20mg;ELFA-Liquid
EFL2001004;;4262481469325;ELFBAR ELFLIQ Blue Razz Lemonade Nikotinsalz Liquid 10 ml (VE = 200Stk);10mg;ELFA-Liquid
EFL2001011;;4262481469073;ELFBAR ELFLIQ Cherry Cola Nikotinsalz Liquid 10 ml (VE = 200Stk);20mg;ELFA-Liquid
EFL2001012;;4262481469363;ELFBAR ELFLIQ Cherry Cola Nikotinsalz Liquid 10 ml (VE = 200Stk);10mg;ELFA-Liquid
EFL2001021;;4262481469219;ELFBAR ELFLIQ Spearmint Nikotinsalz Liquid 10 ml (VE = 200Stk);20mg;ELFA-Liquid
EFL2001022;;4262481469509;ELFBAR ELFLIQ Spearmint Nikotinsalz Liquid 10 ml (VE = 200Stk);10mg;ELFA-Liquid
ELFL10035;;4895261109946;ELFBAR ELFLIQ Mango Nikotinsalz Liquid 10 ml;20mg;ELFA-Liquid
ELFL10036;;4895261110447;ELFBAR ELFLIQ Mango Nikotinsalz Liquid 10 ml;10mg;ELFA-Liquid
EFL101035;;4895261110195;ELFBAR ELFLIQ Mango Nikotinsalz Liquid 10 ml (VE = 10Stk);20mg;ELFA-Liquid
EFL101036;;4895261110690;ELFBAR ELFLIQ Mango Nikotinsalz Liquid 10 ml (VE = 10Stk);10mg;ELFA-Liquid
EFL2001035;;4262481469127;ELFBAR ELFLIQ Mango Nikotinsalz Liquid 10 ml (VE = 200Stk);20mg;ELFA-Liquid
EFL2001036;;4262481469417;ELFBAR ELFLIQ Mango Nikotinsalz Liquid 10 ml (VE = 200Stk);10mg;ELFA-Liquid
QM101001;;4262403389830;Lost Mary QM600 Einweg E-Zigarette - Blue Razz Cherry (VE = 10Stk);20mg;Einwegzigaretten
QM101002;;4262403389823;Lost Mary QM600 Einweg E-Zigarette - Blueberry Ice (VE = 10Stk);20mg;Einwegzigaretten
QM101003;;4262403389816;Lost Mary QM600 Einweg E-Zigarette - Blueberry Raspberry (VE = 10Stk);20mg;Einwegzigaretten
QM101004;;4262403389809;Lost Mary QM600 Einweg E-Zigarette - Blueberry Raspberry Pomegranate (VE = 10Stk);20mg;Einwegzigaretten
QM101005;;4262403389793;Lost Mary QM600 Einweg E-Zigarette - Blueberry Sour Raspberry (VE = 10Stk);20mg;Einwegzigaretten
QM101006;;4262403389786;Lost Mary QM600 Einweg E-Zigarette - Cherry Ice (VE = 10Stk);20mg;Einwegzigaretten
QM101007;;4262403389779;Lost Mary QM600 Einweg E-Zigarette - Cherry Peach Lemonade (VE = 10Stk);20mg;Einwegzigaretten
QM101008;;4262403389762;Lost Mary QM600 Einweg E-Zigarette - Cola (VE = 10Stk);20mg;Einwegzigaretten
QM101009;;4262403389755;Lost Mary QM600 Einweg E-Zigarette - Grape (VE = 10Stk);20mg;Einwegzigaretten
QM101010;;4262403389748;Lost Mary QM600 Einweg E-Zigarette - Kiwi Passionfruit Guava (VE = 10Stk);20mg;Einwegzigaretten
QM101011;;4262403389731;Lost Mary QM600 Einweg E-Zigarette - Mad Blue (VE = 10Stk);20mg;Einwegzigaretten
QM101012;;4262403389724;Lost Mary QM600 Einweg E-Zigarette - Marygy Ice (VE = 10Stk);20mg;Einwegzigaretten
QM101013;;4262403389717;Lost Mary QM600 Einweg E-Zigarette - Peach Strawberry Watermelon Ice (VE = 10Stk);20mg;Einwegzigaretten
QM101014;;4262403389700;Lost Mary QM600 Einweg E-Zigarette - Pink Lemonade (VE = 10Stk);20mg;Einwegzigaretten
QM101015;;4262403389694;Lost Mary QM600 Einweg E-Zigarette - Red Apple Ice (VE = 10Stk);20mg;Einwegzigaretten
QM101016;;4262403389687;Lost Mary QM600 Einweg E-Zigarette - Strawberry Kiwi (VE = 10Stk);20mg;Einwegzigaretten
QM101017;;4262403389670;Lost Mary QM600 Einweg E-Zigarette - Triple Mango (VE = 10Stk);20mg;Einwegzigaretten
QM101018;;4262403389847;Lost Mary QM600 Einweg E-Zigarette - Watermelon Ice (VE = 10Stk);20mg;Einwegzigaretten
QM4001001;;4262423770014;Lost Mary QM600 Einweg E-Zigarette - Blue Razz Cherry (VE = 400Stk);20mg;Einwegzigaretten
QM4001002;;4262423770007;Lost Mary QM600 Einweg E-Zigarette - Blueberry Ice (VE = 400Stk);20mg;Einwegzigaretten
QM4001003;;4262403389991;Lost Mary QM600 Einweg E-Zigarette - Blueberry Raspberry (VE = 400Stk);20mg;Einwegzigaretten
QM4001004;;4262403389984;Lost Mary QM600 Einweg E-Zigarette - Blueberry Raspberry Pomegranate (VE = 400Stk);20mg;Einwegzigaretten
QM4001005;;4262403389977;Lost Mary QM600 Einweg E-Zigarette - Blueberry Sour Raspberry (VE = 400Stk);20mg;Einwegzigaretten
QM4001006;;4262403389960;Lost Mary QM600 Einweg E-Zigarette - Cherry Ice (VE = 400Stk);20mg;Einwegzigaretten
QM4001007;;4262403389953;Lost Mary QM600 Einweg E-Zigarette - Cherry Peach Lemonade (VE = 400Stk);20mg;Einwegzigaretten
QM4001008;;4262403389946;Lost Mary QM600 Einweg E-Zigarette - Cola (VE = 400Stk);20mg;Einwegzigaretten
QM4001009;;4262403389939;Lost Mary QM600 Einweg E-Zigarette - Grape (VE = 400Stk);20mg;Einwegzigaretten
QM4001010;;4262403389922;Lost Mary QM600 Einweg E-Zigarette - Kiwi Passionfruit Guava (VE = 400Stk);20mg;Einwegzigaretten
QM4001011;;4262403389915;Lost Mary QM600 Einweg E-Zigarette - Mad Blue (VE = 400Stk);20mg;Einwegzigaretten
QM4001012;;4262403389908;Lost Mary QM600 Einweg E-Zigarette - Marygy Ice (VE = 400Stk);20mg;Einwegzigaretten
QM4001013;;4262403389892;Lost Mary QM600 Einweg E-Zigarette - Peach Strawberry Watermelon Ice (VE = 400Stk);20mg;Einwegzigaretten
QM4001014;;4262403389885;Lost Mary QM600 Einweg E-Zigarette - Pink Lemonade (VE = 400Stk);20mg;Einwegzigaretten
QM4001015;;4262403389878;Lost Mary QM600 Einweg E-Zigarette - Red Apple Ice (VE = 400Stk);20mg;Einwegzigaretten
QM4001016;;4262403389861;Lost Mary QM600 Einweg E-Zigarette - Strawberry Kiwi (VE = 400Stk);20mg;Einwegzigaretten
QM4001017;;4262403389854;Lost Mary QM600 Einweg E-Zigarette - Triple Mango (VE = 400Stk);20mg;Einwegzigaretten
QM4001018;;4262423770021;Lost Mary QM600 Einweg E-Zigarette - Watermelon Ice (VE = 400Stk);20mg;Einwegzigaretten
TAPO10003;;4262445571415;2x Lost Mary TAPPO Prefilled Pod - Cranberry Grape;20mg;Prefilled Pods
TAPO10004;;4262445571422;2x Lost Mary TAPPO Prefilled Pod - Kiwi Passion Fruit Guava;20mg;Prefilled Pods
TAPO10006;;4262445571453;2x Lost Mary TAPPO Prefilled Pod - Watermelon;20mg;Prefilled Pods
TAPO10007;;4262445571460;2x Lost Mary TAPPO Prefilled Pod - Watermelon Cherry;20mg;Prefilled Pods
TAPO10008;;4262445571651;2x Lost Mary TAPPO Prefilled Pod - Watermelon Mojito;20mg;Prefilled Pods
TAPO10009;;4262445571439;2x Lost Mary TAPPO Prefilled Pod - Marystorm;20mg;Prefilled Pods
TPO101001;;4262445571552;2x Lost Mary TAPPO Prefilled Pod - Blue Razz Lemonade (VE = 10Stk);20mg;Prefilled Pods
TPO101002;;4262445571484;2x Lost Mary TAPPO Prefilled Pod - Blueberry Sour Raspberry (VE = 10Stk);20mg;Prefilled Pods
TPO101003;;4262445571491;2x Lost Mary TAPPO Prefilled Pod - Cranberry Grape (VE = 10Stk);20mg;Prefilled Pods
TPO101004;;4262445571507;2x Lost Mary TAPPO Prefilled Pod - Kiwi Passion Fruit Guava (VE = 10Stk);20mg;Prefilled Pods
TPO101006;;4262445571538;2x Lost Mary TAPPO Prefilled Pod - Watermelon (VE = 10Stk);20mg;Prefilled Pods
TPO101007;;4262445571545;2x Lost Mary TAPPO Prefilled Pod - Watermelon Cherry (VE = 10Stk);20mg;Prefilled Pods
TPO101008;;4262445571675;2x Lost Mary TAPPO Prefilled Pod - Watermelon Mojito (VE = 10Stk);20mg;Prefilled Pods
TPO101009;;4262445571514;2x Lost Mary TAPPO Prefilled Pod - Marystorm (VE = 10Stk);20mg;Prefilled Pods
TPO4001006;;4262445571613;2x Lost Mary TAPPO Prefilled Pod - Watermelon (VE = 400Stk);20mg;Prefilled Pods
TPO4001007;;4262445571620;2x Lost Mary TAPPO Prefilled Pod - Watermelon Cherry (VE = 400Stk);20mg;Prefilled Pods
TPO4001008;;4262445571699;2x Lost Mary TAPPO Prefilled Pod - Watermelon Mojito (VE = 400Stk);20mg;Prefilled Pods
TPO4001009;;4262445571590;2x Lost Mary TAPPO Prefilled Pod - Marystorm (VE = 400Stk);20mg;Prefilled Pods
7701006;;4262445576403;Ambition Mods Kil-Lite 60W Mod Akkuträger;silver;Akkuträger
7701010;;4262445576441;Ambition Mods Kil-Lite DNA 60 Mod Akkuträger;purple;Akkuträger
EFL101047;;4895261110072;ELFBAR ELFLIQ Blackberry Lemon Nikotinsalz Liquid 10 ml (VE = 10Stk);20mg;ELFA-Liquid
EFL101048;;4895261110577;ELFBAR ELFLIQ Blackberry Lemon Nikotinsalz Liquid 10 ml (VE = 10Stk);10mg;ELFA-Liquid
EFL101059;;4895261110218;ELFBAR ELFLIQ Pineapple Mango Orange Nikotinsalz Liquid 10 ml (VE = 10Stk);20mg;ELFA-Liquid
EFL101060;;4895261110713;ELFBAR ELFLIQ Pineapple Mango Orange Nikotinsalz Liquid 10 ml (VE = 10Stk);10mg;ELFA-Liquid
EFL101061;;4895261110249;ELFBAR ELFLIQ Sour Apple Nikotinsalz Liquid 10 ml (VE = 10Stk);20mg;ELFA-Liquid
EFL101062;;4895261110744;ELFBAR ELFLIQ Sour Apple Nikotinsalz Liquid 10 ml (VE = 10Stk);10mg;ELFA-Liquid
EFL101063;;4895261110294;ELFBAR ELFLIQ Strawberry Raspberry Cherry Ice Nikotinsalz Liquid 10 ml (VE = 10Stk);20mg;ELFA-Liquid
EFL101064;;4895261110799;ELFBAR ELFLIQ Strawberry Raspberry Cherry Ice Nikotinsalz Liquid 10 ml (VE = 10Stk);10mg;ELFA-Liquid
EFL2001047;;4262481469011;ELFBAR ELFLIQ Blackberry Lemon Nikotinsalz Liquid 10 ml (VE = 200Stk);20mg;ELFA-Liquid
EFL2001048;;4262481469301;ELFBAR ELFLIQ Blackberry Lemon Nikotinsalz Liquid 10 ml (VE = 200Stk);10mg;ELFA-Liquid
EFL2001059;;4262481469172;ELFBAR ELFLIQ Pineapple Mango Orange Nikotinsalz Liquid 10 ml (VE = 200Stk);20mg;ELFA-Liquid
EFL2001060;;4262481469462;ELFBAR ELFLIQ Pineapple Mango Orange Nikotinsalz Liquid 10 ml (VE = 200Stk);10mg;ELFA-Liquid
EFL2001061;;4262481469202;ELFBAR ELFLIQ Sour Apple Nikotinsalz Liquid 10 ml (VE = 200Stk);20mg;ELFA-Liquid
EFL2001062;;4262481469493;ELFBAR ELFLIQ Sour Apple Nikotinsalz Liquid 10 ml (VE = 200Stk);10mg;ELFA-Liquid
EFL2001063;;4262481469257;ELFBAR ELFLIQ Strawberry Raspberry Cherry Ice Nikotinsalz Liquid 10 ml (VE = 200Stk);20mg;ELFA-Liquid
EFL2001064;;4262481469547;ELFBAR ELFLIQ Strawberry Raspberry Cherry Ice Nikotinsalz Liquid 10 ml (VE = 200Stk);10mg;ELFA-Liquid
7903012;;4262445579770;Mechvape BM40 Boro Mod Akkuträger;full-white;Akkuträger
7903013;;4262481467819;Mechvape BM40 Boro Mod Akkuträger;grey;Akkuträger
ELFL10047;;4895261109823;ELFBAR ELFLIQ Blackberry Lemon Nikotinsalz Liquid 10 ml;20mg;ELFA-Liquid
ELFL10048;;4895261110324;ELFBAR ELFLIQ Blackberry Lemon Nikotinsalz Liquid 10 ml;10mg;ELFA-Liquid
ELFL10059;;4895261109960;ELFBAR ELFLIQ Pineapple Mango Orange Nikotinsalz Liquid 10 ml;20mg;ELFA-Liquid
ELFL10060;;4895261110461;ELFBAR ELFLIQ Pineapple Mango Orange Nikotinsalz Liquid 10 ml;10mg;ELFA-Liquid
ELFL10061;;4895261109991;ELFBAR ELFLIQ Sour Apple Nikotinsalz Liquid 10 ml;20mg;ELFA-Liquid
ELFL10062;;4895261110492;ELFBAR ELFLIQ Sour Apple Nikotinsalz Liquid 10 ml;10mg;ELFA-Liquid
ELFL10063;;4895261110041;ELFBAR ELFLIQ Strawberry Raspberry Cherry Ice Nikotinsalz Liquid 10 ml;20mg;ELFA-Liquid
ELFL10064;;4895261110546;ELFBAR ELFLIQ Strawberry Raspberry Cherry Ice Nikotinsalz Liquid 10 ml;10mg;ELFA-Liquid
TPO101013;;4262445579077;2x Lost Mary TAPPO Prefilled Pod - Pineapple Passion Fruit Lemon (VE = 10Stk);20mg;Prefilled Pods
IVA101001;;5056796811844;2x IVG Air Prefilled Pod - Blue Raspberry Ice;20mg;Prefilled Pods
IVA101002;;5056796811929;2x IVG Air Prefilled Pod - Blue Sour Raspberry;20mg;Prefilled Pods
IVA101003;;5056796811868;2x IVG Air Prefilled Pod - Classic Menthol;20mg;Prefilled Pods
IVA101004;;5056796811813;2x IVG Air Prefilled Pod - Fizzy Cherry;20mg;Prefilled Pods
IVA101005;;5056796811967;2x IVG Air Prefilled Pod - Fizzy Lemon;20mg;Prefilled Pods
IVA101006;;5056796811899;2x IVG Air Prefilled Pod - Grape Ice;20mg;Prefilled Pods
IVA101007;;5056796811820;2x IVG Air Prefilled Pod - Lemon Lime;20mg;Prefilled Pods
IVA101008;;5056796811905;2x IVG Air Prefilled Pod - Peach Mango Ice;20mg;Prefilled Pods
IVA101009;;5056796811837;2x IVG Air Prefilled Pod - Pineapple Ice;20mg;Prefilled Pods
IVA101010;;5056796812063;2x IVG Air Prefilled Pod - Pineapple Passionfruit;20mg;Prefilled Pods
IVA101011;;5056796811875;2x IVG Air Prefilled Pod - Strawberry Ice;20mg;Prefilled Pods
IVA101012;;5056796811936;2x IVG Air Prefilled Pod - Strawberry Raspberry Ice;20mg;Prefilled Pods
IVA101013;;5056796811851;2x IVG Air Prefilled Pod - Strawberry Watermelon;20mg;Prefilled Pods
IVA101014;;5056796812056;2x IVG Air Prefilled Pod - Tropical Fruits;20mg;Prefilled Pods
IVA101015;;5056796811882;2x IVG Air Prefilled Pod - Watermelon Ice;20mg;Prefilled Pods
ELC101002;;4262481467932;Elfbar 600 Einweg E-Zigarette - Apple Peach (VE = 10Stk);0mg;Einwegzigaretten
ELC101006;;4262481467949;Elfbar 600 Einweg E-Zigarette - Blue Razz Lemonade (VE = 10Stk);0mg;Einwegzigaretten
ELC101008;;4262481467956;Elfbar 600 Einweg E-Zigarette - Blueberry Sour Raspberry (VE = 10Stk);0mg;Einwegzigaretten
ELC101020;;4262481467963;Elfbar 600 Einweg E-Zigarette - Grape (VE = 10Stk);0mg;Einwegzigaretten
ELC101022;;4262481468021;Elfbar 600 Einweg E-Zigarette - Kiwi Passion Fruit Guava (VE = 10Stk);0mg;Einwegzigaretten
ELC101028;;4262481468038;Elfbar 600 Einweg E-Zigarette - Menthol (VE = 10Stk);0mg;Einwegzigaretten
ELC101030;;4262481467970;Elfbar 600 Einweg E-Zigarette - Peach Ice (VE = 10Stk);0mg;Einwegzigaretten
ELC101044;;4262481467987;Elfbar 600 Einweg E-Zigarette - Strawberry Ice (VE = 10Stk);0mg;Einwegzigaretten
ELC4001002;;4262481468045;Elfbar 600 Einweg E-Zigarette - Apple Peach (VE = 400Stk);0mg;Einwegzigaretten
ELC4001006;;4262481468052;Elfbar 600 Einweg E-Zigarette - Blue Razz Lemonade (VE = 400Stk);0mg;Einwegzigaretten
ELC4001008;;4262481468069;Elfbar 600 Einweg E-Zigarette - Blueberry Sour Raspberry (VE = 400Stk);0mg;Einwegzigaretten
ELC4001020;;4262481468076;Elfbar 600 Einweg E-Zigarette - Grape (VE = 400Stk);0mg;Einwegzigaretten
ELC4001022;;4262481468137;Elfbar 600 Einweg E-Zigarette - Kiwi Passion Fruit Guava (VE = 400Stk);0mg;Einwegzigaretten
ELC4001028;;4262481468144;Elfbar 600 Einweg E-Zigarette - Menthol (VE = 400Stk);0mg;Einwegzigaretten
ELC4001030;;4262481468083;Elfbar 600 Einweg E-Zigarette - Peach Ice (VE = 400Stk);0mg;Einwegzigaretten
ELC4001044;;4262481468090;Elfbar 600 Einweg E-Zigarette - Strawberry Ice (VE = 400Stk);0mg;Einwegzigaretten
7703035;;4262481460308;Ambition Mods K1 Mod Akkuträger;black-silver;Akkuträger
ELFL10069;;4895261117033;ELFBAR ELFLIQ Blackberry Ice Nikotinsalz Liquid 10 ml;20mg;ELFA-Liquid
ELFL10070;;4895261116937;ELFBAR ELFLIQ Blackberry Ice Nikotinsalz Liquid 10 ml;10mg;ELFA-Liquid
ELFL10071;;4895261117040;ELFBAR ELFLIQ Lemon Peach Passion Fruit Nikotinsalz Liquid 10 ml;20mg;ELFA-Liquid
ELFL10073;;4895261117057;ELFBAR ELFLIQ Menthol Nikotinsalz Liquid 10 ml;20mg;ELFA-Liquid
ELFL10074;;4895261116951;ELFBAR ELFLIQ Menthol Nikotinsalz Liquid 10 ml;10mg;ELFA-Liquid
ELFL10075;;4895261117064;ELFBAR ELFLIQ Mix Berries Nikotinsalz Liquid 10 ml;20mg;ELFA-Liquid
ELFL10076;;4895261116968;ELFBAR ELFLIQ Mix Berries Nikotinsalz Liquid 10 ml;10mg;ELFA-Liquid
ELFL10077;;4895261117071;ELFBAR ELFLIQ Tropical Fruit Nikotinsalz Liquid 10 ml;20mg;ELFA-Liquid
ELFL10078;;4895261116975;ELFBAR ELFLIQ Tropical Fruit Nikotinsalz Liquid 10 ml;10mg;ELFA-Liquid
EFL101107;;4895261117088;ELFBAR ELFLIQ Blackberry Ice Nikotinsalz Liquid 10 ml (VE = 10Stk);20mg;ELFA-Liquid
EFL101108;;4895261116982;ELFBAR ELFLIQ Blackberry Ice Nikotinsalz Liquid 10 ml (VE = 10Stk);10mg;ELFA-Liquid
EFL101110;;4895261116999;ELFBAR ELFLIQ Lemon Peach Passion Fruit Nikotinsalz Liquid 10 ml (VE = 10Stk);10mg;ELFA-Liquid
EFL101111;;4895261117101;ELFBAR ELFLIQ Menthol Nikotinsalz Liquid 10 ml (VE = 10Stk);20mg;ELFA-Liquid
EFL101112;;4895261117002;ELFBAR ELFLIQ Menthol Nikotinsalz Liquid 10 ml (VE = 10Stk);10mg;ELFA-Liquid
EFL101113;;4895261117118;ELFBAR ELFLIQ Mix Berries Nikotinsalz Liquid 10 ml (VE = 10Stk);20mg;ELFA-Liquid
EFL101114;;4895261117019;ELFBAR ELFLIQ Mix Berries Nikotinsalz Liquid 10 ml (VE = 10Stk);10mg;ELFA-Liquid
EFL101115;;4895261117125;ELFBAR ELFLIQ Tropical Fruit Nikotinsalz Liquid 10 ml (VE = 10Stk);20mg;ELFA-Liquid
EFL101116;;4895261117026;ELFBAR ELFLIQ Tropical Fruit Nikotinsalz Liquid 10 ml (VE = 10Stk);10mg;ELFA-Liquid
EFL2001119;;4262481469004;ELFBAR ELFLIQ Blackberry Ice Nikotinsalz Liquid 10 ml (VE = 200Stk);20mg;ELFA-Liquid
EFL2001120;;4262481469295;ELFBAR ELFLIQ Blackberry Ice Nikotinsalz Liquid 10 ml (VE = 200Stk);10mg;ELFA-Liquid
EFL2001123;;4262481469134;ELFBAR ELFLIQ Menthol Nikotinsalz Liquid 10 ml (VE = 200Stk);20mg;ELFA-Liquid
EFL2001124;;4262481469424;ELFBAR ELFLIQ Menthol Nikotinsalz Liquid 10 ml (VE = 200Stk);10mg;ELFA-Liquid
EFL2001125;;4262481469141;ELFBAR ELFLIQ Mix Berries Nikotinsalz Liquid 10 ml (VE = 200Stk);20mg;ELFA-Liquid
EFL2001126;;4262481469431;ELFBAR ELFLIQ Mix Berries Nikotinsalz Liquid 10 ml (VE = 200Stk);10mg;ELFA-Liquid
EFL2001127;;4262481469264;ELFBAR ELFLIQ Tropical Fruit Nikotinsalz Liquid 10 ml (VE = 200Stk);20mg;ELFA-Liquid
EFL2001128;;4262481469554;ELFBAR ELFLIQ Tropical Fruit Nikotinsalz Liquid 10 ml (VE = 200Stk);10mg;ELFA-Liquid
EL810103;;6932570103628;Elfbar 800 Einweg E-Zigarette - Blueberry Sour Raspberry (VE = 10Stk);20mg;Einwegzigaretten
EL810106;;6932570103659;Elfbar 800 Einweg E-Zigarette - Kiwi Passion Fruit Guava (VE = 10Stk);20mg;Einwegzigaretten
EL810107;;6932570166234;Elfbar 800 Einweg E-Zigarette - Lemon Lime (VE = 10Stk);20mg;Einwegzigaretten
EL810108;;6932570103673;Elfbar 800 Einweg E-Zigarette - Mad Blue (VE = 10Stk);20mg;Einwegzigaretten
EL810110;;6932570103697;Elfbar 800 Einweg E-Zigarette - Pineapple Ice (VE = 10Stk);20mg;Einwegzigaretten
EL810112;;6932570103710;Elfbar 800 Einweg E-Zigarette - Strawberry Ice (VE = 10Stk);20mg;Einwegzigaretten
EL810113;;6932570103727;Elfbar 800 Einweg E-Zigarette - Strawberry Raspberry Cherry Ice (VE = 10Stk);20mg;Einwegzigaretten
EL84001003;;4262481460490;Elfbar 800 Einweg E-Zigarette - Blueberry Sour Raspberry (VE = 400Stk);20mg;Einwegzigaretten
EL84001006;;4262481460520;Elfbar 800 Einweg E-Zigarette - Kiwi Passion Fruit Guava (VE = 400Stk);20mg;Einwegzigaretten
EL84001007;;4262481460537;Elfbar 800 Einweg E-Zigarette - Lemon Lime (VE = 400Stk);20mg;Einwegzigaretten
EL84001008;;4262481460544;Elfbar 800 Einweg E-Zigarette - Mad Blue (VE = 400Stk);20mg;Einwegzigaretten
EL84001010;;4262481460568;Elfbar 800 Einweg E-Zigarette - Pineapple Ice (VE = 400Stk);20mg;Einwegzigaretten
EL84001012;;4262481460582;Elfbar 800 Einweg E-Zigarette - Strawberry Ice (VE = 400Stk);20mg;Einwegzigaretten
EL84001013;;4262481460599;Elfbar 800 Einweg E-Zigarette - Strawberry Raspberry Cherry Ice (VE = 400Stk);20mg;Einwegzigaretten
EL810117;;6932570161314;Elfbar 800 Einweg E-Zigarette - Cactus Ice (VE = 10Stk);20mg;Einwegzigaretten
EL810118;;6932570161321;Elfbar 800 Einweg E-Zigarette - Coconut Blueberry (VE = 10Stk);20mg;Einwegzigaretten
EL810119;;6932570161338;Elfbar 800 Einweg E-Zigarette - Dragon Fruit Strawberry (VE = 10Stk);20mg;Einwegzigaretten
EL810123;;6932570161369;Elfbar 800 Einweg E-Zigarette - Strawberry Apricot (VE = 10Stk);20mg;Einwegzigaretten
EL84001017;;4262481468571;Elfbar 800 Einweg E-Zigarette - Cactus Ice (VE = 400Stk);20mg;Einwegzigaretten
EL84001018;;4262481468588;Elfbar 800 Einweg E-Zigarette - Coconut Blueberry (VE = 400Stk);20mg;Einwegzigaretten
EL84001019;;4262481468595;Elfbar 800 Einweg E-Zigarette - Dragon Fruit Strawberry (VE = 400Stk);20mg;Einwegzigaretten
EL84001023;;4262481468632;Elfbar 800 Einweg E-Zigarette - Strawberry Apricot (VE = 400Stk);20mg;Einwegzigaretten
7703039;;4262481460377;Ambition Mods K1 DNA 60 Mod Akkuträger;fullblack;Akkuträger
7703040;;4262481460353;Ambition Mods K1 DNA 60 Mod Akkuträger;black-silver;Akkuträger
7703041;;4262481460360;Ambition Mods K1 DNA 60 Mod Akkuträger;gunmetal-silver;Akkuträger
7703043;;4262481460391;Ambition Mods K1 DNA 60 Mod Akkuträger;blue-black;Akkuträger
STE5001091;;4262510824613;2x 187 Strassenbande 187 POD Prefilled Pod - Babba Bum - Maxwell Edition;20mg;Prefilled Pods
STE5001093;;4262510824675;2x 187 Strassenbande 187 POD Prefilled Pod - Happy Cactuz;20mg;Prefilled Pods
STE5001094;;4262510824682;2x 187 Strassenbande 187 POD Prefilled Pod - I Love Hamburg;20mg;Prefilled Pods
STE5001095;;4262510824682;2x 187 Strassenbande 187 POD Prefilled Pod - I Scream Pistacio;20mg;Prefilled Pods
STE5001096;;4262510824705;2x 187 Strassenbande 187 POD Prefilled Pod - Juicy Puzzy;20mg;Prefilled Pods
STE5001097;;4262510824729;2x 187 Strassenbande 187 POD Prefilled Pod - Pille - Bonez MC;20mg;Prefilled Pods
STE5001098;;4262510824736;2x 187 Strassenbande 187 POD Prefilled Pod - Pink Mellow;20mg;Prefilled Pods
STE5001099;;4262510824743;2x 187 Strassenbande 187 POD Prefilled Pod - Quelle - SA4 Edition;20mg;Prefilled Pods
STE5001100;;4262510824750;2x 187 Strassenbande 187 POD Prefilled Pod - Reeperbahn;20mg;Prefilled Pods
STE5001101;;4262510824767;2x 187 Strassenbande 187 POD Prefilled Pod - Schwarze Taube;20mg;Prefilled Pods
STE5001102;;4262510824835;2x 187 Strassenbande 187 POD Prefilled Pod - Waternelom;20mg;Prefilled Pods
STE5001103;;4262510824606;2x 187 Strassenbande 187 POD Prefilled Pod - 040 Hamburg;20mg;Prefilled Pods
EL810101;;6932570103604;Elfbar 800 Einweg E-Zigarette - Blue Razz Lemonade (VE = 10Stk);20mg;Einwegzigaretten
EL810126;;6941976293574;Elfbar 800 Einweg E-Zigarette - Blue Razz Lemonade (VE = 10Stk);0mg;Einwegzigaretten
EL810102;;6932570103611;Elfbar 800 Einweg E-Zigarette - Blueberry (VE = 10Stk);20mg;Einwegzigaretten
EL810127;;6941976293581;Elfbar 800 Einweg E-Zigarette - Blueberry (VE = 10Stk);0mg;Einwegzigaretten
EL810104;;6932570103635;Elfbar 800 Einweg E-Zigarette - Cherry (VE = 10Stk);20mg;Einwegzigaretten
EL810128;;6941976293604;Elfbar 800 Einweg E-Zigarette - Cherry (VE = 10Stk);0mg;Einwegzigaretten
EL810109;;6932570103680;Elfbar 800 Einweg E-Zigarette - Menthol (VE = 10Stk);20mg;Einwegzigaretten
EL810130;;6941976296247;Elfbar 800 Einweg E-Zigarette - Menthol (VE = 10Stk);0mg;Einwegzigaretten
EL810114;;6932570103734;Elfbar 800 Einweg E-Zigarette - Watermelon (VE = 10Stk);20mg;Einwegzigaretten
EL810133;;6941976294298;Elfbar 800 Einweg E-Zigarette - Watermelon (VE = 10Stk);0mg;Einwegzigaretten
EL84001001;;4262481460476;Elfbar 800 Einweg E-Zigarette - Blue Razz Lemonade (VE = 400Stk);20mg;Einwegzigaretten
EL84001026;;4262519672093;Elfbar 800 Einweg E-Zigarette - Blue Razz Lemonade (VE = 400Stk);0mg;Einwegzigaretten
EL84001002;;4262481460483;Elfbar 800 Einweg E-Zigarette - Blueberry (VE = 400Stk);20mg;Einwegzigaretten
EL84001027;;4262519672109;Elfbar 800 Einweg E-Zigarette - Blueberry (VE = 400Stk);0mg;Einwegzigaretten
EL84001004;;4262481460506;Elfbar 800 Einweg E-Zigarette - Cherry (VE = 400Stk);20mg;Einwegzigaretten
EL84001028;;4262519672116;Elfbar 800 Einweg E-Zigarette - Cherry (VE = 400Stk);0mg;Einwegzigaretten
EL84001009;;4262481460551;Elfbar 800 Einweg E-Zigarette - Menthol (VE = 400Stk);20mg;Einwegzigaretten
EL84001030;;4262519672130;Elfbar 800 Einweg E-Zigarette - Menthol (VE = 400Stk);0mg;Einwegzigaretten
EL84001014;;4262481460605;Elfbar 800 Einweg E-Zigarette - Watermelon (VE = 400Stk);20mg;Einwegzigaretten
EL84001033;;4262519672161;Elfbar 800 Einweg E-Zigarette - Watermelon (VE = 400Stk);0mg;Einwegzigaretten
EL810116;;6932570161307;Elfbar 800 Einweg E-Zigarette - Blackberry Ice (VE = 10Stk);20mg;Einwegzigaretten
EL810125;;6941976294304;Elfbar 800 Einweg E-Zigarette - Blackberry Ice (VE = 10Stk);0mg;Einwegzigaretten
EL810120;;6932570161345;Elfbar 800 Einweg E-Zigarette - Grape Mint (VE = 10Stk);20mg;Einwegzigaretten
EL810129;;6941976296186;Elfbar 800 Einweg E-Zigarette - Grape Mint (VE = 10Stk);0mg;Einwegzigaretten
EL810121;;6932570161352;Elfbar 800 Einweg E-Zigarette - Mixed Berries (VE = 10Stk);20mg;Einwegzigaretten
EL810131;;6941976296216;Elfbar 800 Einweg E-Zigarette - Mixed Berries (VE = 10Stk);0mg;Einwegzigaretten
EL84001016;;4262481468564;Elfbar 800 Einweg E-Zigarette - Blackberry Ice (VE = 400Stk);20mg;Einwegzigaretten
EL84001025;;4262519672086;Elfbar 800 Einweg E-Zigarette - Blackberry Ice (VE = 400Stk);0mg;Einwegzigaretten
EL84001020;;4262481468601;Elfbar 800 Einweg E-Zigarette - Grape Mint (VE = 400Stk);20mg;Einwegzigaretten
EL84001029;;4262519672123;Elfbar 800 Einweg E-Zigarette - Grape Mint (VE = 400Stk);0mg;Einwegzigaretten
EL84001021;;4262481468618;Elfbar 800 Einweg E-Zigarette - Mixed Berries (VE = 400Stk);20mg;Einwegzigaretten
EL84001031;;4262519672147;Elfbar 800 Einweg E-Zigarette - Mixed Berries (VE = 400Stk);0mg;Einwegzigaretten
7703044;;4262519673786;Ambition Mods Emira Mod Akkuträger;silver;Akkuträger
7703047;;4262519673809;Ambition Mods Emira Mod Akkuträger;copper-orange;Akkuträger
7703046;;4262519673793;Ambition Mods Emira Mod Akkuträger;blue-black;Akkuträger
STE5001106;;4262510826556;2x 187 Strassenbande 187 POD Prefilled Pod - Cloud Energy;20mg;Prefilled Pods
STE5001108;;4262510826617;2x 187 Strassenbande 187 POD Prefilled Pod - Spring Break;20mg;Prefilled Pods
STE5001109;;4262510826679;2x 187 Strassenbande 187 POD Prefilled Pod - Supa Black;20mg;Prefilled Pods
503094;;4262519674844;Aspire Zelos X80 Mod Akkuträger;full-black;Akkuträger
503095;;4262519674851;Aspire Zelos X80 Mod Akkuträger;gunmetal;Akkuträger
503096;;4262519674868;Aspire Zelos X80 Mod Akkuträger;black-gradient;Akkuträger
503097;;4262519674875;Aspire Zelos X80 Mod Akkuträger;pink-gradient;Akkuträger
503098;;4262519674882;Aspire Zelos X80 Mod Akkuträger;blue-gradient;Akkuträger
6703130;;4262519676589;Lost Vape Centaurus BT200 Mod Akkuträger;silver-carbon;Akkuträger
6703131;;4262519676565;Lost Vape Centaurus BT200 Mod Akkuträger;black-carbon;Akkuträger
6703134;;4262519676602;Lost Vape Centaurus BT200 Mod Akkuträger;pink-purple;Akkuträger
6703132;;4262519676572;Lost Vape Centaurus BT200 Mod Akkuträger;platinum-ridge;Akkuträger
6703133;;4262519676596;Lost Vape Centaurus BT200 Mod Akkuträger;platinum-crest;Akkuträger
303190;;4262519675391;Eleaf iStick XC100 Mod Akkuträger;silver;Akkuträger
303191;;4262519675384;Eleaf iStick XC100 Mod Akkuträger;black;Akkuträger
303194;;4262519675421;Eleaf iStick XC100 Mod Akkuträger;red-yellow-gradient;Akkuträger
303193;;4262519675414;Eleaf iStick XC100 Mod Akkuträger;red-blue-gradient;Akkuträger
303192;;4262519675407;Eleaf iStick XC100 Mod Akkuträger;sky-blue;Akkuträger
ELFL10079;;4895258312816;ELFBAR ELFLIQ Blackberry Cherry Nikotinsalz Liquid 10 ml;20mg;ELFA-Liquid
ELFL10080;;4895258314902;ELFBAR ELFLIQ Blackberry Cherry Nikotinsalz Liquid 10 ml;10mg;ELFA-Liquid
ELFL10081;;4895258312830;ELFBAR ELFLIQ Coconut Blueberry Nikotinsalz Liquid 10 ml;20mg;ELFA-Liquid
ELFL10082;;4895258314933;ELFBAR ELFLIQ Coconut Blueberry Nikotinsalz Liquid 10 ml;10mg;ELFA-Liquid
ELFL10083;;4895258312823;ELFBAR ELFLIQ Frozen Berries Nikotinsalz Liquid 10 ml;20mg;ELFA-Liquid
ELFL10084;;4895258314919;ELFBAR ELFLIQ Frozen Berries Nikotinsalz Liquid 10 ml;10mg;ELFA-Liquid
ELFL10085;;4895258312793;ELFBAR ELFLIQ Lemon Mint Nikotinsalz Liquid 10 ml;20mg;ELFA-Liquid
ELFL10086;;4895258314926;ELFBAR ELFLIQ Lemon Mint Nikotinsalz Liquid 10 ml;10mg;ELFA-Liquid
ELFL10087;;4895258312809;ELFBAR ELFLIQ Pineapple Coconut Nikotinsalz Liquid 10 ml;20mg;ELFA-Liquid
ELFL10088;;4895258314896;ELFBAR ELFLIQ Pineapple Coconut Nikotinsalz Liquid 10 ml;10mg;ELFA-Liquid
EFL101117;;4895258312861;ELFBAR ELFLIQ Blackberry Cherry Nikotinsalz Liquid 10 ml (VE = 10Stk);20mg;ELFA-Liquid
EFL101118;;4895258314957;ELFBAR ELFLIQ Blackberry Cherry Nikotinsalz Liquid 10 ml (VE = 10Stk);10mg;ELFA-Liquid
EFL101119;;4895258312885;ELFBAR ELFLIQ Coconut Blueberry Nikotinsalz Liquid 10 ml (VE = 10Stk);20mg;ELFA-Liquid
EFL101120;;4895258314988;ELFBAR ELFLIQ Coconut Blueberry Nikotinsalz Liquid 10 ml (VE = 10Stk);10mg;ELFA-Liquid
EFL101121;;4895258312878;ELFBAR ELFLIQ Frozen Berries Nikotinsalz Liquid 10 ml (VE = 10Stk);20mg;ELFA-Liquid
EFL101122;;4895258314964;ELFBAR ELFLIQ Frozen Berries Nikotinsalz Liquid 10 ml (VE = 10Stk);10mg;ELFA-Liquid
EFL101123;;4895258312847;ELFBAR ELFLIQ Lemon Mint Nikotinsalz Liquid 10 ml (VE = 10Stk);20mg;ELFA-Liquid
EFL101124;;4895258314971;ELFBAR ELFLIQ Lemon Mint Nikotinsalz Liquid 10 ml (VE = 10Stk);10mg;ELFA-Liquid
EFL101125;;4895258312854;ELFBAR ELFLIQ Pineapple Coconut Nikotinsalz Liquid 10 ml (VE = 10Stk);20mg;ELFA-Liquid
EFL101126;;4895258314940;ELFBAR ELFLIQ Pineapple Coconut Nikotinsalz Liquid 10 ml (VE = 10Stk);10mg;ELFA-Liquid
EFL2001129;;4262519674257;ELFBAR ELFLIQ Blackberry Cherry Nikotinsalz Liquid 10 ml (VE = 200Stk);20mg;ELFA-Liquid
EFL2001130;;4262519674240;ELFBAR ELFLIQ Blackberry Cherry Nikotinsalz Liquid 10 ml (VE = 200Stk);10mg;ELFA-Liquid
EFL2001131;;4262519674271;ELFBAR ELFLIQ Coconut Blueberry Nikotinsalz Liquid 10 ml (VE = 200Stk);20mg;ELFA-Liquid
EFL2001132;;4262519674264;ELFBAR ELFLIQ Coconut Blueberry Nikotinsalz Liquid 10 ml (VE = 200Stk);10mg;ELFA-Liquid
EFL2001133;;4262519674318;ELFBAR ELFLIQ Frozen Berries Nikotinsalz Liquid 10 ml (VE = 200Stk);20mg;ELFA-Liquid
EFL2001134;;4262519674301;ELFBAR ELFLIQ Frozen Berries Nikotinsalz Liquid 10 ml (VE = 200Stk);10mg;ELFA-Liquid
EFL2001135;;4262519674332;ELFBAR ELFLIQ Lemon Mint Nikotinsalz Liquid 10 ml (VE = 200Stk);20mg;ELFA-Liquid
EFL2001136;;4262519674325;ELFBAR ELFLIQ Lemon Mint Nikotinsalz Liquid 10 ml (VE = 200Stk);10mg;ELFA-Liquid
EFL2001137;;4262519674349;ELFBAR ELFLIQ Pineapple Coconut Nikotinsalz Liquid 10 ml (VE = 200Stk);20mg;ELFA-Liquid
EFL2001138;;4895258314896;ELFBAR ELFLIQ Pineapple Coconut Nikotinsalz Liquid 10 ml (VE = 200Stk);10mg;ELFA-Liquid
EL810115;;6941976202422;Elfbar 800 Einweg E-Zigarette - Apple Peach (VE = 10Stk);20mg;Einwegzigaretten
EL810122;;6941976202439;Elfbar 800 Einweg E-Zigarette - Peach Ice (VE = 10Stk);20mg;Einwegzigaretten
EL84001015;;4262481468557;Elfbar 800 Einweg E-Zigarette - Apple Peach (VE = 400Stk);20mg;Einwegzigaretten
EL84001022;;4262481468625;Elfbar 800 Einweg E-Zigarette - Peach Ice (VE = 400Stk);20mg;Einwegzigaretten
7903014;;4262519674226;Mechvape Paramour DNA 80C SBS Mod Akkuträger;black-silver;Akkuträger
7903016;;4262519674219;Mechvape Paramour DNA 80C SBS Mod Akkuträger;full-black;Akkuträger
7903017;;4262519674233;Mechvape Paramour DNA 80C SBS Mod Akkuträger;grey-black;Akkuträger
7903015;;4262519674202;Mechvape Paramour DNA 80C SBS Mod Akkuträger;full-silver;Akkuträger
7903018;;4262519677012;Mechvape Paramour DNA 80C SBS Mod Akkuträger;black-red;Akkuträger
EL810134;;6941976202521;Elfbar 800 Einweg E-Zigarette - Berry Mint (VE = 10Stk);20mg;Einwegzigaretten
EL810135;;6941976202446;Elfbar 800 Einweg E-Zigarette - Blackberry Cherry (VE = 10Stk);20mg;Einwegzigaretten
EL810136;;6941976202507;Elfbar 800 Einweg E-Zigarette - Blackberry Grape (VE = 10Stk);20mg;Einwegzigaretten
EL810137;;6941976202453;Elfbar 800 Einweg E-Zigarette - Cola (VE = 10Stk);20mg;Einwegzigaretten
EL810138;;6941976202538;Elfbar 800 Einweg E-Zigarette - Cream Tobacco (VE = 10Stk);20mg;Einwegzigaretten
EL810139;;6941976202460;Elfbar 800 Einweg E-Zigarette - Frozen Berries (VE = 10Stk);20mg;Einwegzigaretten
EL810140;;6941976202477;Elfbar 800 Einweg E-Zigarette - Pineapple Coconut (VE = 10Stk);20mg;Einwegzigaretten
EL810141;;6941976202514;Elfbar 800 Einweg E-Zigarette - Red Berries (VE = 10Stk);20mg;Einwegzigaretten
EL810142;;6941976202484;Elfbar 800 Einweg E-Zigarette - Sweet Berries (VE = 10Stk);20mg;Einwegzigaretten
EL84001034;;4262519676183;Elfbar 800 Einweg E-Zigarette - Berry Mint (VE = 400Stk);20mg;Einwegzigaretten
EL84001035;;4262519676190;Elfbar 800 Einweg E-Zigarette - Blackberry Cherry (VE = 400Stk);20mg;Einwegzigaretten
EL84001036;;4262519676206;Elfbar 800 Einweg E-Zigarette - Blackberry Grape (VE = 400Stk);20mg;Einwegzigaretten
EL84001037;;4262519676213;Elfbar 800 Einweg E-Zigarette - Cola (VE = 400Stk);20mg;Einwegzigaretten
EL84001038;;4262519676220;Elfbar 800 Einweg E-Zigarette - Cream Tobacco (VE = 400Stk);20mg;Einwegzigaretten
EL84001039;;4262519676237;Elfbar 800 Einweg E-Zigarette - Frozen Berries (VE = 400Stk);20mg;Einwegzigaretten
EL84001040;;4262519676244;Elfbar 800 Einweg E-Zigarette - Pineapple Coconut (VE = 400Stk);20mg;Einwegzigaretten
EL84001041;;4262519676251;Elfbar 800 Einweg E-Zigarette - Red Berries (VE = 400Stk);20mg;Einwegzigaretten
EL84001042;;4262519676268;Elfbar 800 Einweg E-Zigarette - Sweet Berries (VE = 400Stk);20mg;Einwegzigaretten
303189;;4262519675506;Eleaf iStick X80 Mod Akkuträger;sky-blue;Akkuträger
STE5001110;;4262510829953;2x 187 Strassenbande 187 POD Prefilled Pod - Slushy;20mg;Prefilled Pods
STE5001111;;4262510829984;2x 187 Strassenbande 187 POD Prefilled Pod - Sunset;20mg;Prefilled Pods
STE5001112;;4262510829892;2x 187 Strassenbande 187 POD Prefilled Pod - Fresh Lemonade;20mg;Prefilled Pods
STE5001113;;4262510829922;2x 187 Strassenbande 187 POD Prefilled Pod - Red Mojito;20mg;Prefilled Pods
2403068;;4262519678439;DotMod dotBox 220W V2 Mod Akkuträger;silver;Akkuträger
2403069;;4262519678422;DotMod dotBox 220W V2 Mod Akkuträger;black;Akkuträger
2403070;;4262519678446;DotMod dotBox 220W V2 Mod Akkuträger;gunmetal;Akkuträger
2403071;;4262519678460;DotMod dotBox 220W V2 Mod Akkuträger;red;Akkuträger
2403072;;4262519678453;DotMod dotBox 220W V2 Mod Akkuträger;royal-blue;Akkuträger
7703048;;4262519679511;Ambition Mods Morer SBS Mod Akkuträger;black;Akkuträger
7703049;;4262519679528;Ambition Mods Morer SBS Mod Akkuträger;silver;Akkuträger
7703050;;4262519679535;Ambition Mods Morer SBS Mod Akkuträger;full-black;Akkuträger
7703051;;4262519679542;Ambition Mods Morer SBS Mod Akkuträger;blue-black;Akkuträger
7703052;;4262519679559;Ambition Mods Morer SBS Mod Akkuträger;green-black;Akkuträger
7703053;;4262519679566;Ambition Mods Morer SBS Mod Akkuträger;orange-black;Akkuträger
ELFL10089;;4895261135594;ELFBAR ELFLIQ Cactus Ice Nikotinsalz Liquid 10 ml;20mg;ELFA-Liquid
ELFL10090;;4895261135747;ELFBAR ELFLIQ Cactus Ice Nikotinsalz Liquid 10 ml;10mg;ELFA-Liquid
ELFL10091;;4895261135600;ELFBAR ELFLIQ Dragon Fruit Blackberry Nikotinsalz Liquid 10 ml;20mg;ELFA-Liquid
ELFL10092;;4895261135754;ELFBAR ELFLIQ Dragon Fruit Blackberry Nikotinsalz Liquid 10 ml;10mg;ELFA-Liquid
EFL101127;;4895261135648;ELFBAR ELFLIQ Cactus Ice Nikotinsalz Liquid 10 ml (VE = 10Stk);20mg;ELFA-Liquid
EFL101128;;4895261135792;ELFBAR ELFLIQ Cactus Ice Nikotinsalz Liquid 10 ml (VE = 10Stk);10mg;ELFA-Liquid
EFL101129;;4895261135655;ELFBAR ELFLIQ Dragon Fruit Blackberry Nikotinsalz Liquid 10 ml (VE = 10Stk);20mg;ELFA-Liquid
EFL101130;;4895261135808;ELFBAR ELFLIQ Dragon Fruit Blackberry Nikotinsalz Liquid 10 ml (VE = 10Stk);10mg;ELFA-Liquid
EFL2001169;;4895261135693;ELFBAR ELFLIQ Cactus Ice Nikotinsalz Liquid 10 ml (VE = 200Stk);20mg;ELFA-Liquid
EFL2001170;;4895261135846;ELFBAR ELFLIQ Cactus Ice Nikotinsalz Liquid 10 ml (VE = 200Stk);10mg;ELFA-Liquid
EFL2001171;;4895261135709;ELFBAR ELFLIQ Dragon Fruit Blackberry Nikotinsalz Liquid 10 ml (VE = 200Stk);20mg;ELFA-Liquid
EFL2001172;;4895261135853;ELFBAR ELFLIQ Dragon Fruit Blackberry Nikotinsalz Liquid 10 ml (VE = 200Stk);10mg;ELFA-Liquid
303152;;4260720663015;Eleaf iStick Pico Plus Mod Akkuträger;silver;Akkuträger
303153;;4260720663008;Eleaf iStick Pico Plus Mod Akkuträger;black;Akkuträger
303154;;4260720663022;Eleaf iStick Pico Plus Mod Akkuträger;grey;Akkuträger
303156;;4260720663046;Eleaf iStick Pico Plus Mod Akkuträger;rose-gold;Akkuträger
303195;;4262403380950;Eleaf iStick Pico Plus Mod Akkuträger;space-grey;Akkuträger
303196;;4262403380967;Eleaf iStick Pico Plus Mod Akkuträger;light-grey;Akkuträger
303197;;4262403380974;Eleaf iStick Pico Plus Mod Akkuträger;teal;Akkuträger
303198;;4262403380981;Eleaf iStick Pico Plus Mod Akkuträger;light-gold;Akkuträger
10751001;;6975207757900;Lost Mary 800 Einweg E-Zigarette - Apple Peach;20mg;Einwegzigaretten
10751002;;6975207757917;Lost Mary 800 Einweg E-Zigarette - Blackberry Cherry;20mg;Einwegzigaretten
10751003;;6975207757924;Lost Mary 800 Einweg E-Zigarette - Blackberry Ice;20mg;Einwegzigaretten
10751004;;6975207757948;Lost Mary 800 Einweg E-Zigarette - Blueberry Melon Passion Fruit;20mg;Einwegzigaretten
10751005;;6975207757955;Lost Mary 800 Einweg E-Zigarette - Blueberry Raspberry Blackberry;20mg;Einwegzigaretten
10751006;;6975207757962;Lost Mary 800 Einweg E-Zigarette - Cherry Cola;20mg;Einwegzigaretten
10751007;;6975207757986;Lost Mary 800 Einweg E-Zigarette - Grape Ice;20mg;Einwegzigaretten
10751008;;6975207757993;Lost Mary 800 Einweg E-Zigarette - Lemon Lime;20mg;Einwegzigaretten
10751009;;6975207758006;Lost Mary 800 Einweg E-Zigarette - Mint;20mg;Einwegzigaretten
10751010;;6975207758037;Lost Mary 800 Einweg E-Zigarette - Peach Ice;20mg;Einwegzigaretten
10751012;;6975207758013;Lost Mary 800 Einweg E-Zigarette - Orange Cola;20mg;Einwegzigaretten
10751013;;6975207758051;Lost Mary 800 Einweg E-Zigarette - Watermelon;20mg;Einwegzigaretten
10751015;;6975207757931;Lost Mary 800 Einweg E-Zigarette - Blueberry;20mg;Einwegzigaretten
LME101001;;6975207758068;Lost Mary 800 Einweg E-Zigarette - Apple Peach (VE = 10Stk);20mg;Einwegzigaretten
LME101002;;6975207758075;Lost Mary 800 Einweg E-Zigarette - Blackberry Cherry (VE = 10Stk);20mg;Einwegzigaretten
LME101003;;6975207758082;Lost Mary 800 Einweg E-Zigarette - Blackberry Ice (VE = 10Stk);20mg;Einwegzigaretten
LME101004;;6975207758105;Lost Mary 800 Einweg E-Zigarette - Blueberry Melon Passion Fruit (VE = 10Stk);20mg;Einwegzigaretten
LME101005;;6941976217327;Lost Mary 800 Einweg E-Zigarette - Blueberry Raspberry Blackberry (VE = 10Stk);20mg;Einwegzigaretten
LME101006;;6975207758129;Lost Mary 800 Einweg E-Zigarette - Cherry Cola (VE = 10Stk);20mg;Einwegzigaretten
LME101007;;6975207758143;Lost Mary 800 Einweg E-Zigarette - Grape Ice (VE = 10Stk);20mg;Einwegzigaretten
LME101008;;6975207758419;Lost Mary 800 Einweg E-Zigarette - Lemon Lime (VE = 10Stk);20mg;Einwegzigaretten
LME101009;;6975207758426;Lost Mary 800 Einweg E-Zigarette - Mint (VE = 10Stk);20mg;Einwegzigaretten
LME101010;;6975207758440;Lost Mary 800 Einweg E-Zigarette - Peach Ice (VE = 10Stk);20mg;Einwegzigaretten
LME101012;;6975207758433;Lost Mary 800 Einweg E-Zigarette - Orange Cola (VE = 10Stk);20mg;Einwegzigaretten
LME101013;;6975207758464;Lost Mary 800 Einweg E-Zigarette - Watermelon (VE = 10Stk);20mg;Einwegzigaretten
LME101015;;6975207758099;Lost Mary 800 Einweg E-Zigarette - Blueberry (VE = 10Stk);20mg;Einwegzigaretten
10751016;;6937643572875;Lost Mary 800 Einweg E-Zigarette - Cherry Ice;20mg;Einwegzigaretten
10751017;;6937643572905;Lost Mary 800 Einweg E-Zigarette - Mix Berries;20mg;Einwegzigaretten
10751018;;6932570130358;Lost Mary 800 Einweg E-Zigarette - Peach Strawberry Watermelon Ice;20mg;Einwegzigaretten
10751019;;6932570130341;Lost Mary 800 Einweg E-Zigarette - Pineapple Acai;20mg;Einwegzigaretten
10751020;;6932570130334;Lost Mary 800 Einweg E-Zigarette - Tropical Fruit;20mg;Einwegzigaretten
LME101016;;6937643572929;Lost Mary 800 Einweg E-Zigarette - Cherry Ice (VE = 10Stk);20mg;Einwegzigaretten
LME101017;;6937643573346;Lost Mary 800 Einweg E-Zigarette - Mix Berries (VE = 10Stk);20mg;Einwegzigaretten
LME101018;;6932570130389;Lost Mary 800 Einweg E-Zigarette - Peach Strawberry Watermelon Ice (VE = 10Stk);20mg;Einwegzigaretten
LME101019;;6932570130372;Lost Mary 800 Einweg E-Zigarette - Pineapple Acai (VE = 10Stk);20mg;Einwegzigaretten
LME101020;;6932570130365;Lost Mary 800 Einweg E-Zigarette - Tropical Fruit (VE = 10Stk);20mg;Einwegzigaretten
10781001;;4895258313783;Lost Mary Nera Max Prefilled Pod;20mg;Prefilled Pods
10781001;;4895258313783;Lost Mary Nera Max Prefilled Pod;Lemon Lime;Prefilled Pods
10781003;;4895258313745;Lost Mary Nera Max Prefilled Pod;20mg;Prefilled Pods
10781003;;4895258313745;Lost Mary Nera Max Prefilled Pod;Cherry Ice;Prefilled Pods
10781006;;4895258313844;Lost Mary Nera Max Prefilled Pod;20mg;Prefilled Pods
10781006;;4895258313844;Lost Mary Nera Max Prefilled Pod;Strawberry Ice;Prefilled Pods
10781008;;4895258313875;Lost Mary Nera Max Prefilled Pod;20mg;Prefilled Pods
10781008;;4895258313875;Lost Mary Nera Max Prefilled Pod;Triple Mango;Prefilled Pods
10781009;;4895258313882;Lost Mary Nera Max Prefilled Pod;20mg;Prefilled Pods
10781009;;4895258313882;Lost Mary Nera Max Prefilled Pod;Watermelon Ice;Prefilled Pods
10781010;;4895258313707;Lost Mary Nera Max Prefilled Pod;20mg;Prefilled Pods
10781010;;4895258313707;Lost Mary Nera Max Prefilled Pod;Berry Mix;Prefilled Pods
10781002;;4895258313769;Lost Mary Nera Max Prefilled Pod;20mg;Prefilled Pods
10781002;;4895258313769;Lost Mary Nera Max Prefilled Pod;Blueberry Cherry Blackberry;Prefilled Pods
10781004;;4895258313776;Lost Mary Nera Max Prefilled Pod;20mg;Prefilled Pods
10781004;;4895258313776;Lost Mary Nera Max Prefilled Pod;Mint;Prefilled Pods
10781005;;4895258313806;Lost Mary Nera Max Prefilled Pod;20mg;Prefilled Pods
10781005;;4895258313806;Lost Mary Nera Max Prefilled Pod;Pink Lemonade;Prefilled Pods
10781007;;4895258313868;Lost Mary Nera Max Prefilled Pod;20mg;Prefilled Pods
10781007;;4895258313868;Lost Mary Nera Max Prefilled Pod;Summer Grape;Prefilled Pods
